,is_home,position_is_inferred,is_available,availability_score,days_since_prev_match,days_until_next_match,is_new_signing,is_new_to_league,has_history,opp_elo,opp_strength_overall,opp_strength_attack,opp_strength_defence,started_last_1,started_last_3,started_last_5,start_rate_last_5,starts_season,minutes_season,consecutive_starts,days_since_last_start,was_unused_sub_last_match,goals_scored,assists,expected_goals,expected_assists,expected_goal_involvements,clean_sheets,goals_conceded,expected_goals_conceded,defensive_contribution,tackles,clearances_blocks_interceptions,recoveries,yellow_cards,red_cards,minutes,starts,form,points_per_game,total_points,bonus,bps,ict_index,influence,creativity,threat,selected_by_percent,now_cost,penalties_order,corners_and_indirect_freekicks_order,direct_freekicks_order,yellows_from_ban,gk_saves,gk_penalties_saved,gk_saves_per_90,gk_clean_sheets_per_90,gk_goals_conceded_per_90,f5_minutes_played,f5_accurate_passes,f5_accurate_passes_percent,f5_final_third_passes,f5_chances_created,f5_xg,f5_xa,f5_total_shots,f5_shots_on_target,f5_touches_opposition_box,f5_successful_dribbles,f5_tackles_won,f5_interceptions,f5_clearances,f5_blocks,f5_aerial_duels_won,f5_duels_won,f5_dribbled_past,f5_recoveries,f5_saves,f5_goals_conceded,f5_goals_prevented,f5_xgot_faced,f5_fouls_committed,f5_was_fouled,is_set_piece_taker
is_home,1.0,-0.0005,-0.0035,0.004,0.011,0.0032,0.0008,0.0011,-0.0011,-0.0007,0.3402,0.327,0.3239,0.0033,0.0021,0.0009,0.0012,0.0009,0.0008,0.0007,-0.0036,-0.0057,-0.0003,-0.002,-0.0005,-0.0014,-0.0009,-0.0021,0.0032,0.0032,0.0011,0.0013,0.0016,-0.0001,0.0009,0.0007,0.0008,0.0009,-0.0046,0.0016,-0.0003,-0.0006,-0.0006,-0.0005,0.0002,-0.0012,-0.0005,0.0012,0.0025,0.0007,-0.0004,0.0016,0.0002,-0.0005,-0.0007,-0.0001,0.0002,-0.0012,0.0016,-0.0024,-0.0026,-0.0082,-0.0124,-0.0044,-0.0102,-0.0083,-0.0059,-0.0062,-0.0014,0.0032,-0.0003,0.0061,0.0092,-0.0004,0.0024,-0.0029,-0.0015,0.003,-0.0007,0.006,0.0029,0.0049,0.0033,0.0005
position_is_inferred,-0.0005,1.0,0.0476,0.0171,0.0122,0.0201,0.5929,0.5934,-0.5934,0.0004,0.0002,-0.0015,0.002,-0.5178,-0.573,-0.5838,-0.6004,-0.4908,-0.5022,-0.3115,-0.3247,0.3626,-0.2531,-0.3094,-0.2848,-0.339,-0.342,-0.4316,-0.4917,-0.4957,-0.4654,-0.4089,-0.3586,-0.4228,-0.3849,-0.1082,-0.5024,-0.491,-0.479,-0.7109,-0.4842,-0.3174,-0.473,-0.451,-0.4574,-0.3701,-0.3486,-0.2071,-0.3812,-0.1437,-0.1659,-0.1415,0.4094,-0.1077,-0.0571,-0.116,-0.0999,-0.1002,-0.3064,-0.2149,-0.4838,-0.1873,-0.1457,-0.111,-0.1315,-0.1584,-0.118,-0.1662,-0.1271,-0.1655,-0.1496,-0.1465,-0.1043,-0.1477,-0.2364,-0.1485,-0.2131,-0.0415,-0.0412,-0.0008,-0.0409,-0.1849,-0.1694,-0.2532
is_available,-0.0035,0.0476,1.0,0.8956,-0.0032,0.0152,-0.016,-0.0162,0.0162,0.0056,0.0054,0.0058,0.0033,-0.0725,-0.0785,-0.0729,-0.078,-0.0398,-0.0367,-0.0366,-0.0719,0.0882,-0.0249,-0.0428,-0.0252,-0.0421,-0.0349,-0.0403,-0.0256,-0.0236,-0.0341,-0.0309,-0.0246,-0.0292,-0.0078,-0.0097,-0.0369,-0.04,0.0299,-0.0709,-0.0445,-0.0348,-0.0439,-0.0416,-0.0351,-0.0406,-0.0344,-0.0021,-0.0741,-0.0116,-0.0163,-0.0074,0.0079,0.0042,0.0074,0.003,0.0004,0.0065,-0.0551,-0.0497,-0.0677,-0.0365,-0.0157,-0.0172,-0.026,-0.0331,-0.0204,-0.0315,-0.0247,-0.0155,-0.0235,-0.0356,-0.0152,-0.024,-0.0352,-0.0249,-0.0308,0.0034,0.0065,-0.0005,0.0038,-0.0203,-0.0279,-0.0234
availability_score,0.004,0.0171,0.8956,1.0,0.0069,0.0164,-0.0392,-0.0394,0.0394,0.006,0.0089,0.0098,0.0061,-0.039,-0.0432,-0.0387,-0.0435,-0.0101,-0.0081,-0.0153,-0.075,0.0726,-0.0037,-0.0199,-0.004,-0.0206,-0.0109,-0.0126,-0.0018,0.0005,-0.0084,-0.0062,-0.005,-0.0059,0.013,-0.0013,-0.0082,-0.0103,0.0551,-0.0313,-0.0143,-0.0111,-0.0145,-0.0137,-0.0082,-0.0183,-0.0105,0.0155,-0.0466,0.0026,-0.0098,-0.0001,-0.0126,0.0059,0.0091,0.0035,0.0023,0.0062,-0.0383,-0.0384,-0.0584,-0.0272,-0.0079,-0.0028,-0.0168,-0.0191,-0.0077,-0.0186,-0.015,-0.0084,-0.0145,-0.0306,-0.0148,-0.0224,-0.0234,-0.0259,-0.0218,0.0015,0.0035,0.0067,0.0044,-0.0069,-0.012,-0.0098
days_since_prev_match,0.011,0.0122,-0.0032,0.0069,1.0,-0.004,0.0218,0.0213,-0.0213,0.0047,0.0198,0.0104,0.0286,-0.0086,-0.0053,-0.0184,-0.0056,-0.0138,-0.0146,-0.0147,0.079,-0.0071,-0.0076,-0.0073,-0.0068,-0.0071,-0.0078,-0.0097,-0.0166,-0.0128,-0.0144,-0.0106,-0.0103,-0.0125,-0.0095,0.004,-0.0141,-0.0133,-0.0011,0.0121,-0.014,-0.0096,-0.0134,-0.0129,-0.0145,-0.0095,-0.0092,-0.0049,0.0055,-0.019,-0.0261,-0.0133,0.0291,-0.0058,-0.0052,-0.0164,-0.0112,-0.0163,-0.0039,-0.0048,-0.0066,-0.0007,-0.0062,-0.0005,-0.0082,-0.0073,-0.0015,-0.0115,-0.0043,-0.003,-0.0006,-0.0094,-0.0044,-0.0043,-0.0016,-0.0105,-0.0055,-0.0018,-0.0084,0.0052,-0.0055,0.0056,0.0097,-0.036
days_until_next_match,0.0032,0.0201,0.0152,0.0164,-0.004,1.0,0.036,0.0363,-0.0363,-0.0512,-0.0422,-0.0358,-0.045,-0.007,-0.0183,-0.0298,-0.0054,-0.0562,-0.0578,-0.0266,-0.0383,-0.0183,-0.0305,-0.0362,-0.0338,-0.0398,-0.0404,-0.0494,-0.0583,-0.057,-0.0514,-0.0461,-0.0402,-0.0498,-0.0449,-0.0064,-0.058,-0.0564,0.0008,0.0115,-0.0566,-0.0374,-0.0561,-0.0535,-0.0539,-0.0438,-0.0418,-0.0001,0.0065,-0.0227,-0.0319,-0.0245,0.0505,-0.0141,-0.0085,-0.021,-0.0197,-0.0181,0.017,0.0062,0.0204,0.0112,0.0048,0.0053,0.0014,0.0011,0.0012,0.0023,0.0087,0.0051,0.0018,0.0079,0.0053,0.0132,0.0193,0.0062,0.0065,-0.001,-0.0146,0.0031,-0.0036,0.0151,0.0174,-0.0442
is_new_signing,0.0008,0.5929,-0.016,-0.0392,0.0218,0.036,1.0,0.999,-0.999,0.0063,0.0067,0.0029,0.0094,-0.3076,-0.3403,-0.3467,-0.3566,-0.2914,-0.2982,-0.185,-0.1923,-0.2314,-0.1503,-0.1836,-0.1691,-0.2012,-0.2031,-0.2562,-0.292,-0.2944,-0.2764,-0.2428,-0.213,-0.251,-0.2285,-0.0642,-0.2983,-0.2915,-0.2749,-0.3742,-0.2876,-0.1885,-0.2809,-0.2678,-0.2716,-0.2197,-0.2069,-0.1198,-0.2178,-0.0866,-0.0954,-0.0822,0.243,-0.064,-0.0339,-0.0708,-0.0585,-0.0638,-0.016,-0.0111,-0.0047,-0.0131,0.0041,-0.0077,0.0031,-0.0061,-0.0092,0.0107,0.0037,-0.0089,-0.003,-0.0102,-0.0082,-0.0028,-0.0083,-0.0117,-0.0112,-0.0032,-0.0032,-0.0001,-0.0032,-0.0064,-0.0132,-0.1475
is_new_to_league,0.0011,0.5934,-0.0162,-0.0394,0.0213,0.0363,0.999,1.0,-1.0,0.0058,0.0063,0.0027,0.0089,-0.3073,-0.34,-0.3464,-0.3563,-0.2912,-0.298,-0.1849,-0.1927,-0.2318,-0.1502,-0.1836,-0.169,-0.2012,-0.203,-0.2561,-0.2918,-0.2942,-0.2762,-0.2427,-0.2128,-0.2509,-0.2284,-0.0642,-0.2981,-0.2913,-0.2747,-0.3743,-0.2875,-0.1883,-0.2808,-0.2676,-0.2714,-0.2196,-0.2068,-0.1199,-0.2182,-0.0865,-0.0953,-0.0821,0.2429,-0.0639,-0.0339,-0.0708,-0.0584,-0.0637,,,,,,,,,,,,,,,,,,,,,,,,,,-0.1474
has_history,-0.0011,-0.5934,0.0162,0.0394,-0.0213,-0.0363,-0.999,-1.0,1.0,-0.0058,-0.0063,-0.0027,-0.0089,0.3073,0.34,0.3464,0.3563,0.2912,0.298,0.1849,0.1927,0.2318,0.1502,0.1836,0.169,0.2012,0.203,0.2561,0.2918,0.2942,0.2762,0.2427,0.2128,0.2509,0.2284,0.0642,0.2981,0.2913,0.2747,0.3743,0.2875,0.1883,0.2808,0.2676,0.2714,0.2196,0.2068,0.1199,0.2182,0.0865,0.0953,0.0821,-0.2429,0.0639,0.0339,0.0708,0.0584,0.0637,,,,,,,,,,,,,,,,,,,,,,,,,,0.1474
opp_elo,-0.0007,0.0004,0.0056,0.006,0.0047,-0.0512,0.0063,0.0058,-0.0058,1.0,0.8838,0.8346,0.8265,0.0004,-0.0031,-0.0016,-0.0003,-0.0029,-0.0029,-0.0081,-0.0029,-0.0021,-0.0051,-0.0035,-0.0028,-0.0055,-0.0042,-0.0073,0.0019,0.0021,-0.0023,-0.003,-0.0007,-0.0012,0.001,0.0028,-0.003,-0.003,-0.0036,-0.0084,-0.0055,-0.0056,-0.0064,-0.0052,-0.0032,-0.0053,-0.0055,-0.0177,-0.0141,-0.0004,-0.0028,0.0009,-0.0019,0.0025,0.0006,0.0039,0.0007,0.0039,-0.0015,0.0054,0.0021,0.001,0.0027,0.0055,0.0018,0.0013,-0.0014,-0.0049,0.0032,-0.0085,-0.0033,-0.0,0.0005,0.005,0.0018,-0.0149,-0.0012,0.0013,-0.0079,0.0141,-0.0035,-0.0007,0.0056,-0.0027
opp_strength_overall,0.3402,0.0002,0.0054,0.0089,0.0198,-0.0422,0.0067,0.0063,-0.0063,0.8838,1.0,0.934,0.9448,0.0025,-0.0024,-0.0014,-0.0004,-0.0024,-0.0025,-0.0041,0.0018,-0.0032,-0.0038,-0.0041,-0.0021,-0.0043,-0.0032,-0.0083,0.0034,0.0019,-0.0016,-0.0018,-0.0009,-0.0015,-0.0003,0.0026,-0.0026,-0.0025,-0.0067,-0.0066,-0.0051,-0.0051,-0.0059,-0.0042,-0.0029,-0.0041,-0.0043,-0.0175,-0.0122,0.0021,-0.003,0.0007,-0.0024,0.0014,-0.0006,0.0036,-0.0,0.0031,0.0001,0.0038,0.0004,-0.001,0.0007,0.0032,0.0004,-0.0004,-0.001,-0.0054,0.0017,-0.003,-0.003,-0.0001,0.0016,0.0026,0.0024,-0.0111,-0.0022,0.0031,-0.0053,0.0157,-0.001,0.0042,0.0063,-0.0007
opp_strength_attack,0.327,-0.0015,0.0058,0.0098,0.0104,-0.0358,0.0029,0.0027,-0.0027,0.8346,0.934,1.0,0.7666,0.0033,0.0004,0.0023,0.0031,-0.0006,-0.0006,-0.0027,0.0038,-0.0011,-0.0036,-0.0034,-0.0024,-0.0048,-0.0036,-0.0083,0.0084,0.0062,0.0015,0.0012,0.002,0.0007,0.0016,0.0047,-0.0006,-0.0006,-0.0044,-0.004,-0.0037,-0.005,-0.0046,-0.0032,-0.0007,-0.0037,-0.0045,-0.0158,-0.0114,0.0009,-0.0012,0.0041,-0.0058,0.0018,-0.0006,0.0032,-0.0009,0.0031,0.0023,0.0052,0.0002,-0.0006,0.0012,0.0027,0.0018,-0.0019,0.0003,-0.0078,0.0059,-0.0015,0.0028,0.0004,0.0077,0.0011,0.0035,-0.0039,0.0005,0.0022,-0.0034,0.0104,0.0004,0.0025,0.0044,-0.001
opp_strength_defence,0.3239,0.002,0.0033,0.0061,0.0286,-0.045,0.0094,0.0089,-0.0089,0.8265,0.9448,0.7666,1.0,0.0015,-0.0048,-0.0047,-0.0035,-0.0039,-0.0041,-0.0051,-0.0006,-0.0049,-0.0037,-0.0045,-0.0018,-0.0035,-0.0027,-0.008,-0.0014,-0.0022,-0.0046,-0.0045,-0.0035,-0.0036,-0.002,0.0005,-0.0042,-0.0041,-0.0085,-0.0083,-0.006,-0.0049,-0.0066,-0.005,-0.0048,-0.0042,-0.0039,-0.017,-0.0115,0.0031,-0.0042,-0.002,0.0013,0.0009,-0.0006,0.0035,0.0007,0.0028,-0.0019,0.002,0.0007,-0.0015,-0.0002,0.0036,-0.001,0.0012,-0.0021,-0.0027,-0.0018,-0.0043,-0.0085,-0.0004,-0.0035,0.0031,0.001,-0.0168,-0.0045,0.0035,-0.0065,0.0188,-0.0023,0.0049,0.0077,-0.0003
started_last_1,0.0033,-0.5178,-0.0725,-0.039,-0.0086,-0.007,-0.3076,-0.3073,0.3073,0.0004,0.0025,0.0033,0.0015,1.0,0.8714,0.8079,0.8418,0.575,0.5694,0.6016,-0.1665,-0.5579,0.2904,0.3403,0.2987,0.3729,0.3654,0.5269,0.5192,0.5378,0.5362,0.4501,0.4307,0.504,0.4192,0.1394,0.5692,0.5749,0.6681,0.6509,0.5446,0.4177,0.546,0.504,0.5453,0.4033,0.3534,0.3348,0.3304,0.1262,0.1402,0.1422,-0.3984,0.1554,0.0962,0.1112,0.129,0.0708,0.7501,0.5327,0.4091,0.4923,0.3201,0.2358,0.2988,0.3095,0.2638,0.2957,0.2474,0.3761,0.3773,0.3797,0.2717,0.3498,0.527,0.2918,0.5488,0.1558,0.132,0.0204,0.1427,0.3622,0.3753,0.2227
started_last_3,0.0021,-0.573,-0.0785,-0.0432,-0.0053,-0.0183,-0.3403,-0.34,0.34,-0.0031,-0.0024,0.0004,-0.0048,0.8714,1.0,0.9556,0.9478,0.6849,0.6775,0.6716,-0.1216,-0.5317,0.3437,0.4015,0.3558,0.4438,0.4351,0.6228,0.6219,0.6419,0.6366,0.5343,0.5106,0.5978,0.4968,0.1675,0.6775,0.6849,0.7217,0.7284,0.6453,0.4908,0.6467,0.5993,0.6464,0.481,0.4213,0.3759,0.3674,0.1429,0.1661,0.1641,-0.4735,0.1848,0.1119,0.1251,0.1428,0.0785,0.8777,0.6228,0.4801,0.5775,0.3764,0.2737,0.3512,0.3589,0.3032,0.3473,0.279,0.4418,0.4449,0.4431,0.3154,0.4036,0.61,0.3444,0.6365,0.1809,0.1583,0.0171,0.1712,0.414,0.4322,0.2592
started_last_5,0.0009,-0.5838,-0.0729,-0.0387,-0.0184,-0.0298,-0.3467,-0.3464,0.3464,-0.0016,-0.0014,0.0023,-0.0047,0.8079,0.9556,1.0,0.9615,0.7497,0.7419,0.6976,-0.0819,-0.5084,0.3743,0.4401,0.3904,0.487,0.4774,0.6775,0.6842,0.7047,0.6951,0.5849,0.5583,0.6528,0.5432,0.1824,0.7418,0.7497,0.703,0.7573,0.7049,0.5319,0.7058,0.656,0.706,0.5275,0.4626,0.3878,0.3743,0.1605,0.1867,0.1791,-0.516,0.2013,0.1199,0.1359,0.1514,0.0857,0.8922,0.6362,0.4889,0.5896,0.3815,0.2791,0.3595,0.3651,0.307,0.3561,0.2751,0.4479,0.4593,0.4528,0.3252,0.4113,0.6167,0.3506,0.6497,0.1869,0.168,0.0123,0.1809,0.4147,0.434,0.2899
start_rate_last_5,0.0012,-0.6004,-0.078,-0.0435,-0.0056,-0.0054,-0.3566,-0.3563,0.3563,-0.0003,-0.0004,0.0031,-0.0035,0.8418,0.9478,0.9615,1.0,0.6874,0.6781,0.658,-0.0864,-0.5264,0.3408,0.4004,0.3542,0.4435,0.4338,0.626,0.6219,0.6423,0.6362,0.533,0.5113,0.5974,0.4934,0.1687,0.678,0.6873,0.7215,0.7673,0.6435,0.4888,0.6451,0.598,0.6458,0.4806,0.4189,0.3951,0.3876,0.1498,0.1747,0.1674,-0.4686,0.1858,0.1115,0.1285,0.1454,0.0807,0.9399,0.6653,0.5067,0.6154,0.3975,0.286,0.3683,0.3815,0.3132,0.371,0.2958,0.4643,0.4665,0.4724,0.3352,0.4343,0.6487,0.3709,0.6735,0.1908,0.1723,0.0099,0.1853,0.4392,0.4567,0.2709
starts_season,0.0009,-0.4908,-0.0398,-0.0101,-0.0138,-0.0562,-0.2914,-0.2912,0.2912,-0.0029,-0.0024,-0.0006,-0.0039,0.575,0.6849,0.7497,0.6874,1.0,0.9961,0.7302,0.0358,-0.3697,0.5009,0.5763,0.5382,0.6543,0.6516,0.8848,0.9371,0.9608,0.8989,0.7756,0.7404,0.8792,0.7318,0.2197,0.996,0.9999,0.5324,0.7208,0.9424,0.6941,0.9409,0.8822,0.9477,0.702,0.6327,0.3749,0.3211,0.2107,0.2184,0.2169,-0.5998,0.293,0.1571,0.1903,0.1844,0.1327,0.5466,0.4038,0.2625,0.3834,0.2542,0.1937,0.2599,0.2264,0.2106,0.2254,0.1368,0.2597,0.2914,0.2788,0.229,0.2527,0.3639,0.1896,0.4331,0.1525,0.142,0.0126,0.1467,0.235,0.2595,0.3597
minutes_season,0.0008,-0.5022,-0.0367,-0.0081,-0.0146,-0.0578,-0.2982,-0.298,0.298,-0.0029,-0.0025,-0.0006,-0.0041,0.5694,0.6775,0.7419,0.6781,0.9961,1.0,0.728,0.0475,-0.3723,0.4963,0.576,0.5346,0.6517,0.6479,0.8801,0.9438,0.9672,0.9024,0.7749,0.7484,0.8852,0.7286,0.2128,0.9999,0.996,0.5339,0.7222,0.9465,0.6939,0.9444,0.8842,0.9542,0.7,0.632,0.3731,0.3174,0.2093,0.215,0.214,-0.5995,0.3008,0.1616,0.1963,0.1891,0.1376,0.5398,0.4036,0.2616,0.3836,0.2466,0.1867,0.253,0.2184,0.2046,0.2199,0.1308,0.2532,0.2894,0.282,0.2299,0.2556,0.3574,0.1796,0.4326,0.1582,0.1472,0.0129,0.1524,0.2223,0.249,0.3543
consecutive_starts,0.0007,-0.3115,-0.0366,-0.0153,-0.0147,-0.0266,-0.185,-0.1849,0.1849,-0.0081,-0.0041,-0.0027,-0.0051,0.6016,0.6716,0.6976,0.658,0.7302,0.728,1.0,-0.1081,-0.3357,0.2991,0.3573,0.2887,0.4264,0.3786,0.6547,0.6648,0.6933,0.6574,0.5091,0.5664,0.7242,0.5119,0.1494,0.7277,0.7301,0.5227,0.5533,0.6873,0.5443,0.6999,0.6047,0.7391,0.4509,0.3468,0.4123,0.2191,0.1151,0.1119,0.1165,-0.4063,0.3816,0.244,0.2533,0.2719,0.1764,0.5938,0.4514,0.2628,0.4579,0.2213,0.1248,0.2204,0.173,0.1645,0.146,0.1066,0.2474,0.2899,0.3298,0.2285,0.2676,0.349,0.1714,0.5137,0.2719,0.2453,0.0262,0.2607,0.1934,0.2333,0.1908
days_since_last_start,-0.0036,-0.3247,-0.0719,-0.075,0.079,-0.0383,-0.1923,-0.1927,0.1927,-0.0029,0.0018,0.0038,-0.0006,-0.1665,-0.1216,-0.0819,-0.0864,0.0358,0.0475,-0.1081,1.0,0.1067,0.0041,0.0205,0.0263,0.0248,0.0291,0.006,0.0823,0.0671,0.0388,0.0381,0.0192,0.0294,0.0387,-0.0108,0.048,0.0363,-0.1205,0.0932,0.0425,-0.0166,0.0332,0.038,0.0258,0.0347,0.044,-0.0548,0.0571,0.0795,0.0446,0.0205,-0.0707,0.0127,-0.0073,0.0989,0.0521,0.1006,-0.3252,-0.227,-0.2435,-0.2096,-0.1298,-0.1027,-0.1251,-0.1419,-0.1197,-0.1367,-0.1163,-0.1739,-0.1515,-0.1658,-0.1164,-0.1548,-0.2449,-0.1298,-0.2433,-0.0653,-0.0567,-0.0054,-0.0637,-0.1707,-0.1852,0.0727
was_unused_sub_last_match,-0.0057,0.3626,0.0882,0.0726,-0.0071,-0.0183,-0.2314,-0.2318,0.2318,-0.0021,-0.0032,-0.0011,-0.0049,-0.5579,-0.5317,-0.5084,-0.5264,-0.3697,-0.3723,-0.3357,0.1067,1.0,-0.2289,-0.2545,-0.2441,-0.2759,-0.2875,-0.3516,-0.3377,-0.3493,-0.3429,-0.3053,-0.2544,-0.3121,-0.2829,-0.0919,-0.3723,-0.3696,-0.4655,-0.478,-0.3718,-0.2829,-0.3687,-0.3569,-0.3472,-0.2986,-0.2886,-0.2071,-0.2975,-0.1099,-0.1201,-0.1187,0.2733,-0.0598,-0.0462,0.0017,-0.0359,0.0305,-0.5293,-0.3478,-0.5018,-0.3157,-0.2792,-0.2335,-0.2583,-0.3065,-0.2555,-0.3082,-0.2236,-0.2864,-0.2617,-0.2284,-0.1657,-0.2533,-0.4083,-0.2388,-0.3715,-0.0664,-0.0463,-0.0234,-0.0533,-0.3085,-0.3077,-0.1938
goals_scored,-0.0003,-0.2531,-0.0249,-0.0037,-0.0076,-0.0305,-0.1503,-0.1502,0.1502,-0.0051,-0.0038,-0.0036,-0.0037,0.2904,0.3437,0.3743,0.3408,0.5009,0.4963,0.2991,0.0041,-0.2289,1.0,0.4924,0.9244,0.4914,0.8747,0.5154,0.4267,0.4465,0.3491,0.3257,0.1677,0.2795,0.3378,0.0749,0.4962,0.5008,0.4266,0.5317,0.6629,0.7949,0.6304,0.7423,0.5728,0.5343,0.8864,0.5329,0.5805,0.3628,0.1328,0.2559,-0.2749,-0.0752,-0.0399,-0.0889,-0.0743,-0.0796,0.2223,0.0107,0.1186,-0.0331,0.2783,0.6241,0.247,0.5351,0.5789,0.5086,0.1993,0.0511,-0.0014,-0.07,-0.0232,0.1355,0.212,0.0907,0.0187,-0.1155,-0.1007,-0.0021,-0.1142,0.2226,0.2198,0.4225
assists,-0.002,-0.3094,-0.0428,-0.0199,-0.0073,-0.0362,-0.1836,-0.1836,0.1836,-0.0035,-0.0041,-0.0034,-0.0045,0.3403,0.4015,0.4401,0.4004,0.5763,0.576,0.3573,0.0205,-0.2545,0.4924,1.0,0.5252,0.7934,0.6958,0.574,0.5013,0.5228,0.5354,0.5518,0.309,0.4472,0.4343,0.0964,0.5759,0.5761,0.4212,0.5554,0.6878,0.6556,0.6792,0.752,0.5914,0.7818,0.6312,0.3749,0.4216,0.2599,0.2973,0.2303,-0.3535,-0.0758,-0.0482,-0.0939,-0.0806,-0.0871,0.2684,0.1831,0.191,0.1561,0.4908,0.2569,0.5016,0.3619,0.2938,0.4142,0.3048,0.2058,0.1544,-0.012,0.0222,0.0563,0.285,0.2116,0.1516,-0.1289,-0.1164,-0.0024,-0.1288,0.1987,0.2868,0.4269
expected_goals,-0.0005,-0.2848,-0.0252,-0.004,-0.0068,-0.0338,-0.1691,-0.169,0.169,-0.0028,-0.0021,-0.0024,-0.0018,0.2987,0.3558,0.3904,0.3542,0.5382,0.5346,0.2887,0.0263,-0.2441,0.9244,0.5252,1.0,0.5272,0.9445,0.5432,0.4667,0.4826,0.3758,0.3437,0.2014,0.2963,0.3581,0.0719,0.5345,0.5381,0.4012,0.5054,0.664,0.7423,0.6272,0.771,0.5697,0.568,0.941,0.4964,0.6112,0.4023,0.1542,0.2541,-0.2988,-0.0843,-0.0449,-0.0998,-0.0835,-0.0895,0.218,-0.004,0.1154,-0.0474,0.2945,0.6759,0.255,0.5645,0.5667,0.553,0.2019,0.0343,-0.015,-0.0651,-0.0255,0.1728,0.2233,0.079,-0.0016,-0.1309,-0.1168,-0.0025,-0.1295,0.2213,0.2225,0.46
expected_assists,-0.0014,-0.339,-0.0421,-0.0206,-0.0071,-0.0398,-0.2012,-0.2012,0.2012,-0.0055,-0.0043,-0.0048,-0.0035,0.3729,0.4438,0.487,0.4435,0.6543,0.6517,0.4264,0.0248,-0.2759,0.4914,0.7934,0.5272,1.0,0.7771,0.6387,0.5716,0.5916,0.6215,0.6426,0.3547,0.5277,0.4969,0.1171,0.6517,0.6542,0.4075,0.5402,0.7129,0.6381,0.7333,0.8371,0.6392,0.9439,0.6501,0.3032,0.4362,0.26,0.4286,0.3513,-0.4008,-0.0938,-0.0472,-0.1139,-0.0946,-0.1027,0.3018,0.2661,0.2358,0.2249,0.5938,0.2318,0.661,0.3757,0.2998,0.4132,0.3354,0.2406,0.1983,-0.009,0.0074,0.002,0.2939,0.3032,0.1968,-0.153,-0.1367,-0.0024,-0.1515,0.2089,0.3116,0.534
expected_goal_involvements,-0.0009,-0.342,-0.0349,-0.0109,-0.0078,-0.0404,-0.2031,-0.203,0.203,-0.0042,-0.0032,-0.0036,-0.0027,0.3654,0.4351,0.4774,0.4338,0.6516,0.6479,0.3786,0.0291,-0.2875,0.8747,0.6958,0.9445,0.7771,1.0,0.6493,0.5666,0.5861,0.5186,0.503,0.2863,0.4235,0.4573,0.0985,0.6479,0.6515,0.4547,0.586,0.7674,0.7965,0.7481,0.8947,0.6691,0.7857,0.9483,0.4849,0.6214,0.3985,0.2799,0.3241,-0.3763,-0.0987,-0.0515,-0.1181,-0.0985,-0.106,0.2812,0.1,0.1783,0.0515,0.452,0.5994,0.4482,0.5711,0.5434,0.577,0.2821,0.119,0.0655,-0.0527,-0.0164,0.131,0.2822,0.1772,0.075,-0.1579,-0.141,-0.0028,-0.1564,0.2477,0.2884,0.5472
clean_sheets,-0.0021,-0.4316,-0.0403,-0.0126,-0.0097,-0.0494,-0.2562,-0.2561,0.2561,-0.0073,-0.0083,-0.0083,-0.008,0.5269,0.6228,0.6775,0.626,0.8848,0.8801,0.6547,0.006,-0.3516,0.5154,0.574,0.5432,0.6387,0.6493,1.0,0.708,0.7772,0.7701,0.6608,0.6216,0.759,0.6359,0.1834,0.88,0.8847,0.552,0.73,0.9112,0.7061,0.9017,0.8205,0.8447,0.6626,0.6266,0.4541,0.3914,0.2234,0.213,0.2041,-0.5153,0.2296,0.1447,0.1324,0.2069,0.0746,0.4882,0.3726,0.2576,0.3418,0.2585,0.2296,0.2775,0.2553,0.2356,0.2717,0.1474,0.2076,0.2214,0.2245,0.1627,0.2415,0.3288,0.1468,0.3693,0.1172,0.0918,0.0332,0.1031,0.2143,0.2393,0.3446
goals_conceded,0.0032,-0.4917,-0.0256,-0.0018,-0.0166,-0.0583,-0.292,-0.2918,0.2918,0.0019,0.0034,0.0084,-0.0014,0.5192,0.6219,0.6842,0.6219,0.9371,0.9438,0.6648,0.0823,-0.3377,0.4267,0.5013,0.4667,0.5716,0.5666,0.708,1.0,0.9749,0.8688,0.7436,0.7323,0.8401,0.6911,0.2246,0.9439,0.9372,0.4502,0.6214,0.847,0.5921,0.8416,0.8086,0.8934,0.6298,0.5619,0.2765,0.2278,0.1883,0.1907,0.1996,-0.5775,0.2957,0.1311,0.2026,0.1521,0.1584,0.4748,0.3316,0.2131,0.3333,0.1912,0.1345,0.1889,0.1611,0.1548,0.1497,0.1067,0.2351,0.2768,0.2696,0.2343,0.2227,0.3129,0.1683,0.3878,0.148,0.1566,-0.0145,0.1544,0.1966,0.2041,0.3185
expected_goals_conceded,0.0032,-0.4957,-0.0236,0.0005,-0.0128,-0.057,-0.2944,-0.2942,0.2942,0.0021,0.0019,0.0062,-0.0022,0.5378,0.6419,0.7047,0.6423,0.9608,0.9672,0.6933,0.0671,-0.3493,0.4465,0.5228,0.4826,0.5916,0.5861,0.7772,0.9749,1.0,0.8811,0.758,0.7435,0.8601,0.7107,0.2225,0.9673,0.9609,0.4832,0.6569,0.8852,0.6208,0.8809,0.8309,0.9192,0.6448,0.5783,0.3054,0.2414,0.1825,0.1998,0.2078,-0.5865,0.3109,0.1565,0.205,0.1663,0.1486,0.4962,0.3478,0.2256,0.3459,0.1996,0.1451,0.2024,0.1699,0.1638,0.1633,0.1089,0.2423,0.2811,0.2737,0.2394,0.2283,0.3232,0.1753,0.404,0.1598,0.1565,0.0078,0.1601,0.2011,0.2168,0.3296
defensive_contribution,0.0011,-0.4654,-0.0341,-0.0084,-0.0144,-0.0514,-0.2764,-0.2762,0.2762,-0.0023,-0.0016,0.0015,-0.0046,0.5362,0.6366,0.6951,0.6362,0.8989,0.9024,0.6574,0.0388,-0.3429,0.3491,0.5354,0.3758,0.6215,0.5186,0.7701,0.8688,0.8811,1.0,0.8856,0.8708,0.7729,0.7595,0.2312,0.9025,0.899,0.4971,0.6649,0.8526,0.5857,0.8578,0.7876,0.8778,0.6612,0.4855,0.278,0.1937,0.1386,0.2028,0.1998,-0.5985,0.0593,0.0377,0.0192,0.0255,-0.0016,0.5088,0.5231,0.2952,0.4577,0.2302,0.0685,0.2535,0.139,0.1099,0.1175,0.1086,0.3993,0.4651,0.4419,0.3895,0.3489,0.4763,0.2603,0.3949,-0.0237,-0.0171,0.001,-0.0239,0.2773,0.2644,0.2885
tackles,0.0013,-0.4089,-0.0309,-0.0062,-0.0106,-0.0461,-0.2428,-0.2427,0.2427,-0.003,-0.0018,0.0012,-0.0045,0.4501,0.5343,0.5849,0.533,0.7756,0.7749,0.5091,0.0381,-0.3053,0.3257,0.5518,0.3437,0.6426,0.503,0.6608,0.7436,0.758,0.8856,1.0,0.677,0.638,0.7479,0.2113,0.7751,0.7757,0.4166,0.5522,0.7398,0.5176,0.7584,0.7187,0.7178,0.701,0.4497,0.165,0.173,0.1319,0.2551,0.2187,-0.5612,-0.1143,-0.061,-0.1376,-0.1153,-0.1241,0.3842,0.3956,0.2742,0.3217,0.2923,0.0667,0.3027,0.1562,0.1204,0.1414,0.185,0.54,0.4445,0.2418,0.2508,0.1919,0.4972,0.3678,0.2668,-0.1907,-0.1657,-0.0037,-0.1905,0.3483,0.3157,0.3235
clearances_blocks_interceptions,0.0016,-0.3586,-0.0246,-0.005,-0.0103,-0.0402,-0.213,-0.2128,0.2128,-0.0007,-0.0009,0.002,-0.0035,0.4307,0.5106,0.5583,0.5113,0.7404,0.7484,0.5664,0.0192,-0.2544,0.1677,0.309,0.2014,0.3547,0.2863,0.6216,0.7323,0.7435,0.8708,0.677,1.0,0.5575,0.6154,0.2159,0.7485,0.7405,0.3872,0.522,0.6815,0.4176,0.6484,0.5665,0.7632,0.3599,0.2964,0.2251,0.0265,0.0262,0.0513,0.058,-0.4871,0.0091,0.0005,-0.0295,-0.0221,-0.0357,0.4129,0.491,0.2195,0.4053,0.0317,-0.0212,0.0644,-0.0041,-0.0069,0.005,-0.0532,0.281,0.4547,0.6436,0.5164,0.4855,0.4029,0.1112,0.218,-0.0704,-0.0642,0.0005,-0.07,0.1718,0.1114,0.0865
recoveries,-0.0001,-0.4228,-0.0292,-0.0059,-0.0125,-0.0498,-0.251,-0.2509,0.2509,-0.0012,-0.0015,0.0007,-0.0036,0.504,0.5978,0.6528,0.5974,0.8792,0.8852,0.7242,0.0294,-0.3121,0.2795,0.4472,0.2963,0.5277,0.4235,0.759,0.8401,0.8601,0.7729,0.638,0.5575,1.0,0.6173,0.1851,0.8852,0.8792,0.4514,0.6027,0.8061,0.5586,0.8401,0.7073,0.8538,0.5688,0.377,0.3058,0.1984,0.1299,0.1881,0.181,-0.5121,0.6011,0.3231,0.4538,0.4215,0.3399,0.4831,0.3654,0.194,0.4308,0.1738,0.0144,0.1901,0.0585,0.0533,0.0328,0.0947,0.1871,0.2035,0.1553,0.1099,0.0799,0.2043,0.134,0.6264,0.4368,0.3999,0.0198,0.4244,0.0977,0.1798,0.2589
yellow_cards,0.0009,-0.3849,-0.0078,0.013,-0.0095,-0.0449,-0.2285,-0.2284,0.2284,0.001,-0.0003,0.0016,-0.002,0.4192,0.4968,0.5432,0.4934,0.7318,0.7286,0.5119,0.0387,-0.2829,0.3378,0.4343,0.3581,0.4969,0.4573,0.6359,0.6911,0.7107,0.7595,0.7479,0.6154,0.6173,1.0,0.1547,0.7286,0.7318,0.3582,0.4751,0.669,0.461,0.6783,0.6372,0.6722,0.5506,0.4278,0.1967,0.1619,0.1238,0.1908,0.1946,-0.7308,0.0346,0.0338,-0.0171,0.0136,-0.0305,0.3441,0.3198,0.2133,0.2913,0.1874,0.1001,0.1814,0.1386,0.1257,0.1005,0.0916,0.3224,0.3115,0.2118,0.2206,0.1953,0.3505,0.2369,0.249,-0.0516,-0.0424,0.0128,-0.0532,0.3382,0.2517,0.2742
red_cards,0.0007,-0.1082,-0.0097,-0.0013,0.004,-0.0064,-0.0642,-0.0642,0.0642,0.0028,0.0026,0.0047,0.0005,0.1394,0.1675,0.1824,0.1687,0.2197,0.2128,0.1494,-0.0108,-0.0919,0.0749,0.0964,0.0719,0.1171,0.0985,0.1834,0.2246,0.2225,0.2312,0.2113,0.2159,0.1851,0.1547,1.0,0.2128,0.2199,0.0754,0.1371,0.1879,0.128,0.1928,0.1644,0.2034,0.1221,0.0918,0.0415,0.0236,0.0156,0.0172,0.0077,-0.1079,0.0112,-0.017,-0.0039,0.0206,-0.0086,0.1119,0.1461,0.0838,0.0897,0.0232,-0.0025,0.0325,0.0009,0.003,-0.0145,0.0061,0.0645,0.1232,0.0992,0.1156,0.0647,0.0943,0.0597,0.0869,-0.0045,-0.006,0.0109,-0.0011,0.0804,0.076,0.0184
minutes,0.0008,-0.5024,-0.0369,-0.0082,-0.0141,-0.058,-0.2983,-0.2981,0.2981,-0.003,-0.0026,-0.0006,-0.0042,0.5692,0.6775,0.7418,0.678,0.996,0.9999,0.7277,0.048,-0.3723,0.4962,0.5759,0.5345,0.6517,0.6479,0.88,0.9439,0.9673,0.9025,0.7751,0.7485,0.8852,0.7286,0.2128,1.0,0.9961,0.5338,0.7222,0.9465,0.6937,0.9444,0.8842,0.9541,0.7001,0.632,0.3727,0.3174,0.2092,0.2151,0.2139,-0.5996,0.3007,0.1616,0.1962,0.189,0.1376,0.5396,0.4033,0.2615,0.3835,0.2464,0.1866,0.2527,0.2183,0.2045,0.2196,0.1307,0.2532,0.2894,0.2818,0.2298,0.2555,0.3573,0.1795,0.4325,0.1581,0.1471,0.0129,0.1523,0.2223,0.2489,0.3543
starts,0.0009,-0.491,-0.04,-0.0103,-0.0133,-0.0564,-0.2915,-0.2913,0.2913,-0.003,-0.0025,-0.0006,-0.0041,0.5749,0.6849,0.7497,0.6873,0.9999,0.996,0.7301,0.0363,-0.3696,0.5008,0.5761,0.5381,0.6542,0.6515,0.8847,0.9372,0.9609,0.899,0.7757,0.7405,0.8792,0.7318,0.2199,0.9961,1.0,0.5325,0.7209,0.9423,0.6941,0.9409,0.8822,0.9477,0.7019,0.6326,0.3746,0.3212,0.2108,0.2186,0.2168,-0.5999,0.2931,0.1572,0.1904,0.1844,0.1328,0.5467,0.4038,0.2625,0.3836,0.2541,0.1937,0.2597,0.2266,0.2107,0.2252,0.1368,0.2598,0.2914,0.2789,0.229,0.2528,0.364,0.1896,0.4332,0.1526,0.142,0.0125,0.1468,0.2351,0.2595,0.3598
form,-0.0046,-0.479,0.0299,0.0551,-0.0011,0.0008,-0.2749,-0.2747,0.2747,-0.0036,-0.0067,-0.0044,-0.0085,0.6681,0.7217,0.703,0.7215,0.5324,0.5339,0.5227,-0.1205,-0.4655,0.4266,0.4212,0.4012,0.4075,0.4547,0.552,0.4502,0.4832,0.4971,0.4166,0.3872,0.4514,0.3582,0.0754,0.5338,0.5325,1.0,0.7228,0.5973,0.5459,0.5845,0.5532,0.5626,0.4312,0.4472,0.4505,0.432,0.1693,0.1461,0.1569,-0.3509,0.1109,0.1031,0.0635,0.1004,0.0236,0.619,0.4319,0.3556,0.3992,0.36,0.4183,0.3436,0.4289,0.4457,0.3964,0.2565,0.3237,0.3048,0.3116,0.2248,0.335,0.4875,0.2386,0.4334,0.1012,0.038,0.0763,0.0658,0.2844,0.3471,0.2581
points_per_game,0.0016,-0.7109,-0.0709,-0.0313,0.0121,0.0115,-0.3742,-0.3743,0.3743,-0.0084,-0.0066,-0.004,-0.0083,0.6509,0.7284,0.7573,0.7673,0.7208,0.7222,0.5533,0.0932,-0.478,0.5317,0.5554,0.5054,0.5402,0.586,0.73,0.6214,0.6569,0.6649,0.5522,0.522,0.6027,0.4751,0.1371,0.7222,0.7209,0.7228,1.0,0.7994,0.693,0.7785,0.7302,0.7544,0.5584,0.5688,0.5507,0.5459,0.2245,0.1935,0.2166,-0.4488,0.1578,0.1134,0.1706,0.2147,0.0984,0.6707,0.509,0.41,0.4625,0.3796,0.4046,0.389,0.4363,0.4236,0.4302,0.2489,0.333,0.3248,0.3694,0.2536,0.3778,0.5124,0.2346,0.4842,0.1317,0.0933,0.0306,0.1054,0.3023,0.3674,0.3511
total_points,-0.0003,-0.4842,-0.0445,-0.0143,-0.014,-0.0566,-0.2876,-0.2875,0.2875,-0.0055,-0.0051,-0.0037,-0.006,0.5446,0.6453,0.7049,0.6435,0.9424,0.9465,0.6873,0.0425,-0.3718,0.6629,0.6878,0.664,0.7129,0.7674,0.9112,0.847,0.8852,0.8526,0.7398,0.6815,0.8061,0.669,0.1879,0.9465,0.9423,0.5973,0.7994,1.0,0.842,0.9833,0.942,0.9574,0.7472,0.7493,0.5001,0.4356,0.2637,0.2261,0.2509,-0.551,0.2163,0.1381,0.1224,0.1459,0.0697,0.4938,0.3632,0.2597,0.3319,0.3132,0.3146,0.3222,0.3312,0.3281,0.3349,0.1714,0.2335,0.2487,0.2348,0.1951,0.2633,0.3682,0.1698,0.3629,0.0887,0.0729,0.0234,0.0761,0.2273,0.2686,0.4026
bonus,-0.0006,-0.3174,-0.0348,-0.0111,-0.0096,-0.0374,-0.1885,-0.1883,0.1883,-0.0056,-0.0051,-0.005,-0.0049,0.4177,0.4908,0.5319,0.4888,0.6941,0.6939,0.5443,-0.0166,-0.2829,0.7949,0.6556,0.7423,0.6381,0.7965,0.7061,0.5921,0.6208,0.5857,0.5176,0.4176,0.5586,0.461,0.128,0.6937,0.6941,0.5459,0.693,0.842,1.0,0.8277,0.8426,0.7859,0.6668,0.7644,0.6145,0.5155,0.2857,0.1843,0.2424,-0.3712,0.1176,0.0779,0.0515,0.0699,0.0192,0.3808,0.2428,0.1867,0.2215,0.3562,0.4434,0.3454,0.4271,0.4435,0.4105,0.1947,0.1658,0.1341,0.1094,0.0995,0.2036,0.3095,0.1262,0.2397,0.0344,0.024,0.015,0.0216,0.1908,0.2689,0.3856
bps,-0.0006,-0.473,-0.0439,-0.0145,-0.0134,-0.0561,-0.2809,-0.2808,0.2808,-0.0064,-0.0059,-0.0046,-0.0066,0.546,0.6467,0.7058,0.6451,0.9409,0.9444,0.6999,0.0332,-0.3687,0.6304,0.6792,0.6272,0.7333,0.7481,0.9017,0.8416,0.8809,0.8578,0.7584,0.6484,0.8401,0.6783,0.1928,0.9444,0.9409,0.5845,0.7785,0.9833,0.8277,1.0,0.9353,0.9519,0.7763,0.7059,0.4813,0.4267,0.2534,0.2527,0.2635,-0.5541,0.244,0.1483,0.1463,0.1634,0.0872,0.5029,0.4093,0.2755,0.3734,0.344,0.2805,0.3503,0.3132,0.3062,0.2965,0.1817,0.2594,0.2659,0.1981,0.1739,0.2154,0.3642,0.1985,0.4095,0.1152,0.0972,0.0249,0.1017,0.221,0.2898,0.4156
ict_index,-0.0005,-0.451,-0.0416,-0.0137,-0.0129,-0.0535,-0.2678,-0.2676,0.2676,-0.0052,-0.0042,-0.0032,-0.005,0.504,0.5993,0.656,0.598,0.8822,0.8842,0.6047,0.038,-0.3569,0.7423,0.752,0.771,0.8371,0.8947,0.8205,0.8086,0.8309,0.7876,0.7187,0.5665,0.7073,0.6372,0.1644,0.8842,0.8822,0.5532,0.7302,0.942,0.8426,0.9353,1.0,0.8977,0.8788,0.8616,0.4778,0.5187,0.3253,0.307,0.3193,-0.5258,0.0799,0.0458,0.0185,0.0181,-0.0039,0.4438,0.302,0.2542,0.2593,0.4692,0.4136,0.4469,0.4615,0.4388,0.4747,0.2707,0.2333,0.2129,0.1239,0.1251,0.202,0.378,0.2297,0.2762,-0.0322,-0.0274,0.0052,-0.0355,0.2605,0.3207,0.5098
influence,0.0002,-0.4574,-0.0351,-0.0082,-0.0145,-0.0539,-0.2716,-0.2714,0.2714,-0.0032,-0.0029,-0.0007,-0.0048,0.5453,0.6464,0.706,0.6458,0.9477,0.9542,0.7391,0.0258,-0.3472,0.5728,0.5914,0.5697,0.6392,0.6691,0.8447,0.8934,0.9192,0.8778,0.7178,0.7632,0.8538,0.6722,0.2034,0.9541,0.9477,0.5626,0.7544,0.9574,0.7859,0.9519,0.8977,1.0,0.6692,0.643,0.4836,0.3438,0.2094,0.1854,0.2136,-0.5538,0.3377,0.1856,0.232,0.1986,0.1625,0.5252,0.4196,0.2383,0.4133,0.2574,0.2367,0.2674,0.2395,0.2565,0.2339,0.1093,0.2335,0.2825,0.3317,0.2729,0.2992,0.3578,0.1485,0.4253,0.1946,0.1762,0.0165,0.1848,0.1824,0.2222,0.3322
creativity,-0.0012,-0.3701,-0.0406,-0.0183,-0.0095,-0.0438,-0.2197,-0.2196,0.2196,-0.0053,-0.0041,-0.0037,-0.0042,0.4033,0.481,0.5275,0.4806,0.702,0.7,0.4509,0.0347,-0.2986,0.5343,0.7818,0.568,0.9439,0.7857,0.6626,0.6298,0.6448,0.6612,0.701,0.3599,0.5688,0.5506,0.1221,0.7001,0.7019,0.4312,0.5584,0.7472,0.6668,0.7763,0.8788,0.6692,1.0,0.6756,0.3067,0.4545,0.2907,0.432,0.3749,-0.4478,-0.0989,-0.0504,-0.1213,-0.0998,-0.1099,0.3278,0.2825,0.2542,0.2385,0.6346,0.2613,0.5918,0.3982,0.3222,0.4007,0.3365,0.2785,0.2082,-0.0342,0.0066,0.0097,0.3239,0.3295,0.2158,-0.1652,-0.1484,-0.0024,-0.1636,0.2521,0.3416,0.5633
threat,-0.0005,-0.3486,-0.0344,-0.0105,-0.0092,-0.0418,-0.2069,-0.2068,0.2068,-0.0055,-0.0043,-0.0045,-0.0039,0.3534,0.4213,0.4626,0.4189,0.6327,0.632,0.3468,0.044,-0.2886,0.8864,0.6312,0.941,0.6501,0.9483,0.6266,0.5619,0.5783,0.4855,0.4497,0.2964,0.377,0.4278,0.0918,0.632,0.6326,0.4472,0.5688,0.7493,0.7644,0.7059,0.8616,0.643,0.6756,1.0,0.4572,0.6086,0.3846,0.2133,0.2731,-0.3614,-0.1024,-0.0548,-0.1218,-0.1018,-0.1092,0.2574,0.0334,0.1566,-0.0337,0.3475,0.6052,0.3159,0.5949,0.5874,0.6345,0.2797,0.0768,0.0305,-0.0317,0.0036,0.1873,0.2848,0.1204,0.0238,-0.1631,-0.1441,-0.0032,-0.1614,0.2486,0.2749,0.4845
selected_by_percent,0.0012,-0.2071,-0.0021,0.0155,-0.0049,-0.0001,-0.1198,-0.1199,0.1199,-0.0177,-0.0175,-0.0158,-0.017,0.3348,0.3759,0.3878,0.3951,0.3749,0.3731,0.4123,-0.0548,-0.2071,0.5329,0.3749,0.4964,0.3032,0.4849,0.4541,0.2765,0.3054,0.278,0.165,0.2251,0.3058,0.1967,0.0415,0.3727,0.3746,0.4505,0.5507,0.5001,0.6145,0.4813,0.4778,0.4836,0.3067,0.4572,1.0,0.5544,0.1214,0.0357,0.1145,-0.1811,0.1591,0.0795,0.1064,0.1391,0.0681,0.3399,0.2081,0.1291,0.215,0.2166,0.4055,0.2095,0.3373,0.3554,0.3396,0.1345,0.0376,0.042,0.1266,0.0673,0.195,0.195,0.0043,0.2216,0.1327,0.1119,0.0221,0.1285,0.1156,0.1574,0.1662
now_cost,0.0025,-0.3812,-0.0741,-0.0466,0.0055,0.0065,-0.2178,-0.2182,0.2182,-0.0141,-0.0122,-0.0114,-0.0115,0.3304,0.3674,0.3743,0.3876,0.3211,0.3174,0.2191,0.0571,-0.2975,0.5805,0.4216,0.6112,0.4362,0.6214,0.3914,0.2278,0.2414,0.1937,0.173,0.0265,0.1984,0.1619,0.0236,0.3174,0.3212,0.432,0.5459,0.4356,0.5155,0.4267,0.5187,0.3438,0.4545,0.6086,0.5544,1.0,0.2972,0.1813,0.2258,-0.1836,-0.0349,-0.0089,-0.0659,-0.0259,-0.0679,0.2117,0.0329,0.2033,-0.018,0.4001,0.5676,0.3529,0.5818,0.5233,0.5973,0.2989,0.0166,-0.0785,-0.1789,-0.1202,0.0296,0.1727,0.0907,0.0455,-0.0925,-0.0932,0.0123,-0.0934,0.1712,0.257,0.3749
penalties_order,0.0007,-0.1437,-0.0116,0.0026,-0.019,-0.0227,-0.0866,-0.0865,0.0865,-0.0004,0.0021,0.0009,0.0031,0.1262,0.1429,0.1605,0.1498,0.2107,0.2093,0.1151,0.0795,-0.1099,0.3628,0.2599,0.4023,0.26,0.3985,0.2234,0.1883,0.1825,0.1386,0.1319,0.0262,0.1299,0.1238,0.0156,0.2092,0.2108,0.1693,0.2245,0.2637,0.2857,0.2534,0.3253,0.2094,0.2907,0.3846,0.1214,0.2972,1.0,0.1623,0.2201,-0.0977,-0.0441,-0.0234,-0.0521,-0.0436,-0.0466,0.068,-0.0158,0.0308,-0.0099,0.1806,0.2607,0.1483,0.268,0.2442,0.2408,0.1214,-0.0048,-0.0279,-0.0867,-0.0617,0.0329,0.0845,0.052,0.0046,-0.0662,-0.0631,-0.0012,-0.0656,0.0765,0.1366,0.5653
corners_and_indirect_freekicks_order,-0.0004,-0.1659,-0.0163,-0.0098,-0.0261,-0.0319,-0.0954,-0.0953,0.0953,-0.0028,-0.003,-0.0012,-0.0042,0.1402,0.1661,0.1867,0.1747,0.2184,0.215,0.1119,0.0446,-0.1201,0.1328,0.2973,0.1542,0.4286,0.2799,0.213,0.1907,0.1998,0.2028,0.2551,0.0513,0.1881,0.1908,0.0172,0.2151,0.2186,0.1461,0.1935,0.2261,0.1843,0.2527,0.307,0.1854,0.432,0.2133,0.0357,0.1813,0.1623,1.0,0.304,-0.1734,-0.0511,-0.0271,-0.0603,-0.0505,-0.054,0.0807,0.0889,0.1003,0.0959,0.2985,0.0504,0.3181,0.1685,0.107,0.1281,0.1698,0.1155,0.0584,-0.0938,-0.0378,-0.0966,0.0967,0.1825,0.0865,-0.0768,-0.0737,-0.0014,-0.0763,0.0647,0.1553,0.655
direct_freekicks_order,0.0016,-0.1415,-0.0074,-0.0001,-0.0133,-0.0245,-0.0822,-0.0821,0.0821,0.0009,0.0007,0.0041,-0.002,0.1422,0.1641,0.1791,0.1674,0.2169,0.214,0.1165,0.0205,-0.1187,0.2559,0.2303,0.2541,0.3513,0.3241,0.2041,0.1996,0.2078,0.1998,0.2187,0.058,0.181,0.1946,0.0077,0.2139,0.2168,0.1569,0.2166,0.2509,0.2424,0.2635,0.3193,0.2136,0.3749,0.2731,0.1145,0.2258,0.2201,0.304,1.0,-0.1464,-0.0435,-0.0231,-0.0513,-0.0429,-0.046,0.0927,0.0698,0.0935,0.0645,0.2515,0.1527,0.2471,0.2234,0.1777,0.1579,0.1034,0.0708,0.0385,-0.0572,-0.0241,-0.0343,0.0854,0.1305,0.0697,-0.0652,-0.0558,-0.0012,-0.0646,0.1001,0.1329,0.5572
yellows_from_ban,0.0002,0.4094,0.0079,-0.0126,0.0291,0.0505,0.243,0.2429,-0.2429,-0.0019,-0.0024,-0.0058,0.0013,-0.3984,-0.4735,-0.516,-0.4686,-0.5998,-0.5995,-0.4063,-0.0707,0.2733,-0.2749,-0.3535,-0.2988,-0.4008,-0.3763,-0.5153,-0.5775,-0.5865,-0.5985,-0.5612,-0.4871,-0.5121,-0.7308,-0.1079,-0.5996,-0.5999,-0.3509,-0.4488,-0.551,-0.3712,-0.5541,-0.5258,-0.5538,-0.4478,-0.3614,-0.1811,-0.1836,-0.0977,-0.1734,-0.1464,1.0,-0.0761,-0.0478,-0.0157,-0.0412,0.0039,-0.3102,-0.2823,-0.1943,-0.2549,-0.1563,-0.0848,-0.1434,-0.1159,-0.1049,-0.0941,-0.0849,-0.2609,-0.2543,-0.2035,-0.1807,-0.1804,-0.2962,-0.1702,-0.2238,0.0177,0.0169,-0.013,0.02,-0.2715,-0.201,-0.2458
gk_saves,-0.0005,-0.1077,0.0042,0.0059,-0.0058,-0.0141,-0.064,-0.0639,0.0639,0.0025,0.0014,0.0018,0.0009,0.1554,0.1848,0.2013,0.1858,0.293,0.3008,0.3816,0.0127,-0.0598,-0.0752,-0.0758,-0.0843,-0.0938,-0.0987,0.2296,0.2957,0.3109,0.0593,-0.1143,0.0091,0.6011,0.0346,0.0112,0.3007,0.2931,0.1109,0.1578,0.2163,0.1176,0.244,0.0799,0.3377,-0.0989,-0.1024,0.1591,-0.0349,-0.0441,-0.0511,-0.0435,-0.0761,1.0,0.5247,0.8194,0.6809,0.6337,0.1758,-0.0035,-0.0744,0.1814,-0.1544,-0.1252,-0.1401,-0.1794,-0.1325,-0.1887,-0.1374,-0.1826,-0.1657,-0.0398,-0.1184,-0.1005,-0.2135,-0.1685,0.4561,0.7771,0.7005,0.0395,0.7511,-0.2016,-0.1266,-0.078
gk_penalties_saved,-0.0007,-0.0571,0.0074,0.0091,-0.0052,-0.0085,-0.0339,-0.0339,0.0339,0.0006,-0.0006,-0.0006,-0.0006,0.0962,0.1119,0.1199,0.1115,0.1571,0.1616,0.244,-0.0073,-0.0462,-0.0399,-0.0482,-0.0449,-0.0472,-0.0515,0.1447,0.1311,0.1565,0.0377,-0.061,0.0005,0.3231,0.0338,-0.017,0.1616,0.1572,0.1031,0.1134,0.1381,0.0779,0.1483,0.0458,0.1856,-0.0504,-0.0548,0.0795,-0.0089,-0.0234,-0.0271,-0.0231,-0.0478,0.5247,1.0,0.4336,0.4118,0.2998,0.1072,0.022,-0.0142,0.132,-0.0786,-0.0664,-0.0696,-0.0947,-0.0705,-0.0992,-0.0668,-0.0972,-0.0861,-0.0244,-0.0622,-0.0584,-0.1134,-0.0886,0.2596,0.4339,0.3295,0.1132,0.3811,-0.1026,-0.064,-0.0414
gk_saves_per_90,-0.0001,-0.116,0.003,0.0035,-0.0164,-0.021,-0.0708,-0.0708,0.0708,0.0039,0.0036,0.0032,0.0035,0.1112,0.1251,0.1359,0.1285,0.1903,0.1963,0.2533,0.0989,0.0017,-0.0889,-0.0939,-0.0998,-0.1139,-0.1181,0.1324,0.2026,0.205,0.0192,-0.1376,-0.0295,0.4538,-0.0171,-0.0039,0.1962,0.1904,0.0635,0.1706,0.1224,0.0515,0.1463,0.0185,0.232,-0.1213,-0.1218,0.1064,-0.0659,-0.0521,-0.0603,-0.0513,-0.0157,0.8194,0.4336,1.0,0.772,0.8661,0.1319,-0.0381,-0.1474,0.1455,-0.1788,-0.143,-0.1621,-0.2052,-0.1516,-0.2137,-0.1572,-0.2098,-0.1894,-0.0594,-0.1336,-0.1255,-0.2542,-0.1907,0.4473,0.8684,0.7911,0.0473,0.8495,-0.233,-0.1578,-0.0923
gk_clean_sheets_per_90,0.0002,-0.0999,0.0004,0.0023,-0.0112,-0.0197,-0.0585,-0.0584,0.0584,0.0007,-0.0,-0.0009,0.0007,0.129,0.1428,0.1514,0.1454,0.1844,0.1891,0.2719,0.0521,-0.0359,-0.0743,-0.0806,-0.0835,-0.0946,-0.0985,0.2069,0.1521,0.1663,0.0255,-0.1153,-0.0221,0.4215,0.0136,0.0206,0.189,0.1844,0.1004,0.2147,0.1459,0.0699,0.1634,0.0181,0.1986,-0.0998,-0.1018,0.1391,-0.0259,-0.0436,-0.0505,-0.0429,-0.0412,0.6809,0.4118,0.772,1.0,0.5554,0.1489,-0.0146,-0.0827,0.1414,-0.1483,-0.1206,-0.136,-0.1731,-0.1277,-0.1802,-0.1308,-0.1777,-0.1586,-0.0439,-0.1127,-0.1028,-0.2107,-0.1608,0.436,0.7453,0.624,0.0889,0.7048,-0.1965,-0.1258,-0.0772
gk_goals_conceded_per_90,-0.0012,-0.1002,0.0065,0.0062,-0.0163,-0.0181,-0.0638,-0.0637,0.0637,0.0039,0.0031,0.0031,0.0028,0.0708,0.0785,0.0857,0.0807,0.1327,0.1376,0.1764,0.1006,0.0305,-0.0796,-0.0871,-0.0895,-0.1027,-0.106,0.0746,0.1584,0.1486,-0.0016,-0.1241,-0.0357,0.3399,-0.0305,-0.0086,0.1376,0.1328,0.0236,0.0984,0.0697,0.0192,0.0872,-0.0039,0.1625,-0.1099,-0.1092,0.0681,-0.0679,-0.0466,-0.054,-0.046,0.0039,0.6337,0.2998,0.8661,0.5554,1.0,0.0867,-0.0482,-0.1554,0.102,-0.1642,-0.1304,-0.1485,-0.187,-0.1382,-0.1948,-0.1446,-0.1914,-0.1733,-0.0631,-0.1218,-0.1186,-0.2356,-0.1738,0.351,0.711,0.7188,-0.0119,0.7405,-0.2128,-0.1492,-0.0826
f5_minutes_played,0.0016,-0.3064,-0.0551,-0.0383,-0.0039,0.017,-0.016,,,-0.0015,0.0001,0.0023,-0.0019,0.7501,0.8777,0.8922,0.9399,0.5466,0.5398,0.5938,-0.3252,-0.5293,0.2223,0.2684,0.218,0.3018,0.2812,0.4882,0.4748,0.4962,0.5088,0.3842,0.4129,0.4831,0.3441,0.1119,0.5396,0.5467,0.619,0.6707,0.4938,0.3808,0.5029,0.4438,0.5252,0.3278,0.2574,0.3399,0.2117,0.068,0.0807,0.0927,-0.3102,0.1758,0.1072,0.1319,0.1489,0.0867,1.0,0.73,0.5874,0.6767,0.3878,0.2645,0.359,0.3586,0.2912,0.3578,0.2915,0.4852,0.5008,0.5404,0.3773,0.4758,0.6766,0.3779,0.7388,0.2409,0.227,0.0038,0.2363,0.4383,0.4497,0.1343
f5_accurate_passes,-0.0024,-0.2149,-0.0497,-0.0384,-0.0048,0.0062,-0.0111,,,0.0054,0.0038,0.0052,0.002,0.5327,0.6228,0.6362,0.6653,0.4038,0.4036,0.4514,-0.227,-0.3478,0.0107,0.1831,-0.004,0.2661,0.1,0.3726,0.3316,0.3478,0.5231,0.3956,0.491,0.3654,0.3198,0.1461,0.4033,0.4038,0.4319,0.509,0.3632,0.2428,0.4093,0.302,0.4196,0.2825,0.0334,0.2081,0.0329,-0.0158,0.0889,0.0698,-0.2823,-0.0035,0.022,-0.0381,-0.0146,-0.0482,0.73,1.0,0.5596,0.7788,0.303,0.0048,0.3155,0.1216,0.0501,0.0845,0.1447,0.4685,0.5732,0.5987,0.4525,0.4512,0.5834,0.3233,0.5549,0.0122,0.0081,0.0097,0.01,0.3026,0.3146,0.0546
f5_accurate_passes_percent,-0.0026,-0.4838,-0.0677,-0.0584,-0.0066,0.0204,-0.0047,,,0.0021,0.0004,0.0002,0.0007,0.4091,0.4801,0.4889,0.5067,0.2625,0.2616,0.2628,-0.2435,-0.5018,0.1186,0.191,0.1154,0.2358,0.1783,0.2576,0.2131,0.2256,0.2952,0.2742,0.2195,0.194,0.2133,0.0838,0.2615,0.2625,0.3556,0.41,0.2597,0.1867,0.2755,0.2542,0.2383,0.2542,0.1566,0.1291,0.2033,0.0308,0.1003,0.0935,-0.1943,-0.0744,-0.0142,-0.1474,-0.0827,-0.1554,0.5874,0.5596,1.0,0.3935,0.3349,0.1574,0.3151,0.2817,0.1913,0.2821,0.2641,0.3962,0.3764,0.3215,0.2572,0.2635,0.4916,0.3287,0.3777,-0.0528,-0.0455,0.0069,-0.0496,0.3617,0.3535,0.1129
f5_final_third_passes,-0.0082,-0.1873,-0.0365,-0.0272,-0.0007,0.0112,-0.0131,,,0.001,-0.001,-0.0006,-0.0015,0.4923,0.5775,0.5896,0.6154,0.3834,0.3836,0.4579,-0.2096,-0.3157,-0.0331,0.1561,-0.0474,0.2249,0.0515,0.3418,0.3333,0.3459,0.4577,0.3217,0.4053,0.4308,0.2913,0.0897,0.3835,0.3836,0.3992,0.4625,0.3319,0.2215,0.3734,0.2593,0.4133,0.2385,-0.0337,0.215,-0.018,-0.0099,0.0959,0.0645,-0.2549,0.1814,0.132,0.1455,0.1414,0.102,0.6767,0.7788,0.3935,1.0,0.2645,-0.0415,0.2806,0.0521,0.0047,-0.0271,0.0604,0.3821,0.4491,0.4958,0.3568,0.3525,0.4578,0.2893,0.6375,0.2307,0.2181,0.0107,0.2272,0.2391,0.2727,0.0602
f5_chances_created,-0.0124,-0.1457,-0.0157,-0.0079,-0.0062,0.0048,0.0041,,,0.0027,0.0007,0.0012,-0.0002,0.3201,0.3764,0.3815,0.3975,0.2542,0.2466,0.2213,-0.1298,-0.2792,0.2783,0.4908,0.2945,0.5938,0.452,0.2585,0.1912,0.1996,0.2302,0.2923,0.0317,0.1738,0.1874,0.0232,0.2464,0.2541,0.36,0.3796,0.3132,0.3562,0.344,0.4692,0.2574,0.6346,0.3475,0.2166,0.4001,0.1806,0.2985,0.2515,-0.1563,-0.1544,-0.0786,-0.1788,-0.1483,-0.1642,0.3878,0.303,0.3349,0.2645,1.0,0.3017,0.7742,0.4722,0.3488,0.5198,0.4297,0.2999,0.1882,-0.0351,-0.0042,0.029,0.3782,0.3819,0.2229,-0.1741,-0.1628,-0.0035,-0.172,0.2924,0.386,0.3548
f5_xg,-0.0044,-0.111,-0.0172,-0.0028,-0.0005,0.0053,-0.0077,,,0.0055,0.0032,0.0027,0.0036,0.2358,0.2737,0.2791,0.286,0.1937,0.1867,0.1248,-0.1027,-0.2335,0.6241,0.2569,0.6759,0.2318,0.5994,0.2296,0.1345,0.1451,0.0685,0.0667,-0.0212,0.0144,0.1001,-0.0025,0.1866,0.1937,0.4183,0.4046,0.3146,0.4434,0.2805,0.4136,0.2367,0.2613,0.6052,0.4055,0.5676,0.2607,0.0504,0.1527,-0.0848,-0.1252,-0.0664,-0.143,-0.1206,-0.1304,0.2645,0.0048,0.1574,-0.0415,0.3017,1.0,0.2452,0.7747,0.7682,0.6794,0.2616,0.0545,-0.0276,-0.0551,-0.0311,0.228,0.2861,0.0948,0.0025,-0.1423,-0.133,-0.0029,-0.1405,0.2636,0.2658,0.2712
f5_xa,-0.0102,-0.1315,-0.026,-0.0168,-0.0082,0.0014,0.0031,,,0.0018,0.0004,0.0018,-0.001,0.2988,0.3512,0.3595,0.3683,0.2599,0.253,0.2204,-0.1251,-0.2583,0.247,0.5016,0.255,0.661,0.4482,0.2775,0.1889,0.2024,0.2535,0.3027,0.0644,0.1901,0.1814,0.0325,0.2527,0.2597,0.3436,0.389,0.3222,0.3454,0.3503,0.4469,0.2674,0.5918,0.3159,0.2095,0.3529,0.1483,0.3181,0.2471,-0.1434,-0.1401,-0.0696,-0.1621,-0.136,-0.1485,0.359,0.3155,0.3151,0.2806,0.7742,0.2452,1.0,0.4096,0.307,0.4839,0.4296,0.2789,0.2071,-0.0035,0.0067,0.0131,0.3549,0.3419,0.2241,-0.1596,-0.1489,-0.0036,-0.158,0.2448,0.3599,0.3461
f5_total_shots,-0.0083,-0.1584,-0.0331,-0.0191,-0.0073,0.0011,-0.0061,,,0.0013,-0.0004,-0.0019,0.0012,0.3095,0.3589,0.3651,0.3815,0.2264,0.2184,0.173,-0.1419,-0.3065,0.5351,0.3619,0.5645,0.3757,0.5711,0.2553,0.1611,0.1699,0.139,0.1562,-0.0041,0.0585,0.1386,0.0009,0.2183,0.2266,0.4289,0.4363,0.3312,0.4271,0.3132,0.4615,0.2395,0.3982,0.5949,0.3373,0.5818,0.268,0.1685,0.2234,-0.1159,-0.1794,-0.0947,-0.2052,-0.1731,-0.187,0.3586,0.1216,0.2817,0.0521,0.4722,0.7747,0.4096,1.0,0.7903,0.7721,0.408,0.1725,0.07,-0.0453,-0.004,0.2117,0.4036,0.2307,0.0889,-0.2035,-0.1865,-0.0037,-0.2014,0.3316,0.3939,0.3468
f5_shots_on_target,-0.0059,-0.118,-0.0204,-0.0077,-0.0015,0.0012,-0.0092,,,-0.0014,-0.001,0.0003,-0.0021,0.2638,0.3032,0.307,0.3132,0.2106,0.2046,0.1645,-0.1197,-0.2555,0.5789,0.2938,0.5667,0.2998,0.5434,0.2356,0.1548,0.1638,0.1099,0.1204,-0.0069,0.0533,0.1257,0.003,0.2045,0.2107,0.4457,0.4236,0.3281,0.4435,0.3062,0.4388,0.2565,0.3222,0.5874,0.3554,0.5233,0.2442,0.107,0.1777,-0.1049,-0.1325,-0.0705,-0.1516,-0.1277,-0.1382,0.2912,0.0501,0.1913,0.0047,0.3488,0.7682,0.307,0.7903,1.0,0.6581,0.3349,0.1034,0.0188,-0.0524,-0.0147,0.1832,0.3235,0.157,0.0589,-0.1509,-0.1359,-0.0034,-0.1488,0.2721,0.3281,0.2857
f5_touches_opposition_box,-0.0062,-0.1662,-0.0315,-0.0186,-0.0115,0.0023,0.0107,,,-0.0049,-0.0054,-0.0078,-0.0027,0.2957,0.3473,0.3561,0.371,0.2254,0.2199,0.146,-0.1367,-0.3082,0.5086,0.4142,0.553,0.4132,0.577,0.2717,0.1497,0.1633,0.1175,0.1414,0.005,0.0328,0.1005,-0.0145,0.2196,0.2252,0.3964,0.4302,0.3349,0.4105,0.2965,0.4747,0.2339,0.4007,0.6345,0.3396,0.5973,0.2408,0.1281,0.1579,-0.0941,-0.1887,-0.0992,-0.2137,-0.1802,-0.1948,0.3578,0.0845,0.2821,-0.0271,0.5198,0.6794,0.4839,0.7721,0.6581,1.0,0.5031,0.156,0.048,-0.0278,-0.015,0.2228,0.4272,0.1874,0.0561,-0.2117,-0.2039,-0.0039,-0.2109,0.317,0.3973,0.2979
f5_successful_dribbles,-0.0014,-0.1271,-0.0247,-0.015,-0.0043,0.0087,0.0037,,,0.0032,0.0017,0.0059,-0.0018,0.2474,0.279,0.2751,0.2958,0.1368,0.1308,0.1066,-0.1163,-0.2236,0.1993,0.3048,0.2019,0.3354,0.2821,0.1474,0.1067,0.1089,0.1086,0.185,-0.0532,0.0947,0.0916,0.0061,0.1307,0.1368,0.2565,0.2489,0.1714,0.1947,0.1817,0.2707,0.1093,0.3365,0.2797,0.1345,0.2989,0.1214,0.1698,0.1034,-0.0849,-0.1374,-0.0668,-0.1572,-0.1308,-0.1446,0.2915,0.1447,0.2641,0.0604,0.4297,0.2616,0.4296,0.408,0.3349,0.5031,1.0,0.2633,0.1291,-0.0825,-0.0333,-0.0077,0.4763,0.2569,0.2036,-0.154,-0.1449,-0.0018,-0.1519,0.2626,0.3934,0.2224
f5_tackles_won,0.0032,-0.1655,-0.0155,-0.0084,-0.003,0.0051,-0.0089,,,-0.0085,-0.003,-0.0015,-0.0043,0.3761,0.4418,0.4479,0.4643,0.2597,0.2532,0.2474,-0.1739,-0.2864,0.0511,0.2058,0.0343,0.2406,0.119,0.2076,0.2351,0.2423,0.3993,0.54,0.281,0.1871,0.3224,0.0645,0.2532,0.2598,0.3237,0.333,0.2335,0.1658,0.2594,0.2333,0.2335,0.2785,0.0768,0.0376,0.0166,-0.0048,0.1155,0.0708,-0.2609,-0.1826,-0.0972,-0.2098,-0.1777,-0.1914,0.4852,0.4685,0.3962,0.3821,0.2999,0.0545,0.2789,0.1725,0.1034,0.156,0.2633,1.0,0.517,0.3289,0.2683,0.2515,0.7061,0.4671,0.3228,-0.2064,-0.1845,-0.0044,-0.2045,0.4071,0.3826,0.0962
f5_interceptions,-0.0003,-0.1496,-0.0235,-0.0145,-0.0006,0.0018,-0.003,,,-0.0033,-0.003,0.0028,-0.0085,0.3773,0.4449,0.4593,0.4665,0.2914,0.2894,0.2899,-0.1515,-0.2617,-0.0014,0.1544,-0.015,0.1983,0.0655,0.2214,0.2768,0.2811,0.4651,0.4445,0.4547,0.2035,0.3115,0.1232,0.2894,0.2914,0.3048,0.3248,0.2487,0.1341,0.2659,0.2129,0.2825,0.2082,0.0305,0.042,-0.0785,-0.0279,0.0584,0.0385,-0.2543,-0.1657,-0.0861,-0.1894,-0.1586,-0.1733,0.5008,0.5732,0.3764,0.4491,0.1882,-0.0276,0.2071,0.07,0.0188,0.048,0.1291,0.517,1.0,0.5072,0.415,0.371,0.5529,0.346,0.3107,-0.1867,-0.1749,-0.005,-0.1828,0.3257,0.2799,0.0238
f5_clearances,0.0061,-0.1465,-0.0356,-0.0306,-0.0094,0.0079,-0.0102,,,-0.0,-0.0001,0.0004,-0.0004,0.3797,0.4431,0.4528,0.4724,0.2788,0.282,0.3298,-0.1658,-0.2284,-0.07,-0.012,-0.0651,-0.009,-0.0527,0.2245,0.2696,0.2737,0.4419,0.2418,0.6436,0.1553,0.2118,0.0992,0.2818,0.2789,0.3116,0.3694,0.2348,0.1094,0.1981,0.1239,0.3317,-0.0342,-0.0317,0.1266,-0.1789,-0.0867,-0.0938,-0.0572,-0.2035,-0.0398,-0.0244,-0.0594,-0.0439,-0.0631,0.5404,0.5987,0.3215,0.4958,-0.0351,-0.0551,-0.0035,-0.0453,-0.0524,-0.0278,-0.0825,0.3289,0.5072,1.0,0.6042,0.6802,0.5082,0.1256,0.272,-0.0281,-0.0273,0.0019,-0.0262,0.1949,0.087,-0.1227
f5_blocks,0.0092,-0.1043,-0.0152,-0.0148,-0.0044,0.0053,-0.0082,,,0.0005,0.0016,0.0077,-0.0035,0.2717,0.3154,0.3252,0.3352,0.229,0.2299,0.2285,-0.1164,-0.1657,-0.0232,0.0222,-0.0255,0.0074,-0.0164,0.1627,0.2343,0.2394,0.3895,0.2508,0.5164,0.1099,0.2206,0.1156,0.2298,0.229,0.2248,0.2536,0.1951,0.0995,0.1739,0.1251,0.2729,0.0066,0.0036,0.0673,-0.1202,-0.0617,-0.0378,-0.0241,-0.1807,-0.1184,-0.0622,-0.1336,-0.1127,-0.1218,0.3773,0.4525,0.2572,0.3568,-0.0042,-0.0311,0.0067,-0.004,-0.0147,-0.015,-0.0333,0.2683,0.415,0.6042,1.0,0.4601,0.3967,0.1554,0.1631,-0.1328,-0.1281,-0.0024,-0.1323,0.2004,0.1235,-0.0578
f5_aerial_duels_won,-0.0004,-0.1477,-0.024,-0.0224,-0.0043,0.0132,-0.0028,,,0.005,0.0026,0.0011,0.0031,0.3498,0.4036,0.4113,0.4343,0.2527,0.2556,0.2676,-0.1548,-0.2533,0.1355,0.0563,0.1728,0.002,0.131,0.2415,0.2227,0.2283,0.3489,0.1919,0.4855,0.0799,0.1953,0.0647,0.2555,0.2528,0.335,0.3778,0.2633,0.2036,0.2154,0.202,0.2992,0.0097,0.1873,0.195,0.0296,0.0329,-0.0966,-0.0343,-0.1804,-0.1005,-0.0584,-0.1255,-0.1028,-0.1186,0.4758,0.4512,0.2635,0.3525,0.029,0.228,0.0131,0.2117,0.1832,0.2228,-0.0077,0.2515,0.371,0.6802,0.4601,1.0,0.6846,0.0977,0.1633,-0.1076,-0.1019,0.0002,-0.1077,0.318,0.1797,-0.0271
f5_duels_won,0.0024,-0.2364,-0.0352,-0.0234,-0.0016,0.0193,-0.0083,,,0.0018,0.0024,0.0035,0.001,0.527,0.61,0.6167,0.6487,0.3639,0.3574,0.349,-0.2449,-0.4083,0.212,0.285,0.2233,0.2939,0.2822,0.3288,0.3129,0.3232,0.4763,0.4972,0.4029,0.2043,0.3505,0.0943,0.3573,0.364,0.4875,0.5124,0.3682,0.3095,0.3642,0.378,0.3578,0.3239,0.2848,0.195,0.1727,0.0845,0.0967,0.0854,-0.2962,-0.2135,-0.1134,-0.2542,-0.2107,-0.2356,0.6766,0.5834,0.4916,0.4578,0.3782,0.2861,0.3549,0.4036,0.3235,0.4272,0.4763,0.7061,0.5529,0.5082,0.3967,0.6846,1.0,0.4364,0.3655,-0.2388,-0.2205,-0.0028,-0.2378,0.5469,0.6585,0.1552
f5_dribbled_past,-0.0029,-0.1485,-0.0249,-0.0259,-0.0105,0.0062,-0.0117,,,-0.0149,-0.0111,-0.0039,-0.0168,0.2918,0.3444,0.3506,0.3709,0.1896,0.1796,0.1714,-0.1298,-0.2388,0.0907,0.2116,0.079,0.3032,0.1772,0.1468,0.1683,0.1753,0.2603,0.3678,0.1112,0.134,0.2369,0.0597,0.1795,0.1896,0.2386,0.2346,0.1698,0.1262,0.1985,0.2297,0.1485,0.3295,0.1204,0.0043,0.0907,0.052,0.1825,0.1305,-0.1702,-0.1685,-0.0886,-0.1907,-0.1608,-0.1738,0.3779,0.3233,0.3287,0.2893,0.3819,0.0948,0.3419,0.2307,0.157,0.1874,0.2569,0.4671,0.346,0.1256,0.1554,0.0977,0.4364,1.0,0.2441,-0.1891,-0.1814,-0.0035,-0.1884,0.3401,0.3343,0.1817
f5_recoveries,-0.0015,-0.2131,-0.0308,-0.0218,-0.0055,0.0065,-0.0112,,,-0.0012,-0.0022,0.0005,-0.0045,0.5488,0.6365,0.6497,0.6735,0.4331,0.4326,0.5137,-0.2433,-0.3715,0.0187,0.1516,-0.0016,0.1968,0.075,0.3693,0.3878,0.404,0.3949,0.2668,0.218,0.6264,0.249,0.0869,0.4325,0.4332,0.4334,0.4842,0.3629,0.2397,0.4095,0.2762,0.4253,0.2158,0.0238,0.2216,0.0455,0.0046,0.0865,0.0697,-0.2238,0.4561,0.2596,0.4473,0.436,0.351,0.7388,0.5549,0.3777,0.6375,0.2229,0.0025,0.2241,0.0889,0.0589,0.0561,0.2036,0.3228,0.3107,0.272,0.1631,0.1633,0.3655,0.2441,1.0,0.5886,0.5211,0.0456,0.5674,0.1832,0.2893,0.0707
f5_saves,0.003,-0.0415,0.0034,0.0015,-0.0018,-0.001,-0.0032,,,0.0013,0.0031,0.0022,0.0035,0.1558,0.1809,0.1869,0.1908,0.1525,0.1582,0.2719,-0.0653,-0.0664,-0.1155,-0.1289,-0.1309,-0.153,-0.1579,0.1172,0.148,0.1598,-0.0237,-0.1907,-0.0704,0.4368,-0.0516,-0.0045,0.1581,0.1526,0.1012,0.1317,0.0887,0.0344,0.1152,-0.0322,0.1946,-0.1652,-0.1631,0.1327,-0.0925,-0.0662,-0.0768,-0.0652,0.0177,0.7771,0.4339,0.8684,0.7453,0.711,0.2409,0.0122,-0.0528,0.2307,-0.1741,-0.1423,-0.1596,-0.2035,-0.1509,-0.2117,-0.154,-0.2064,-0.1867,-0.0281,-0.1328,-0.1076,-0.2388,-0.1891,0.5886,1.0,0.8254,0.1723,0.924,-0.2299,-0.1428,-0.1195
f5_goals_conceded,-0.0007,-0.0412,0.0065,0.0035,-0.0084,-0.0146,-0.0032,,,-0.0079,-0.0053,-0.0034,-0.0065,0.132,0.1583,0.168,0.1723,0.142,0.1472,0.2453,-0.0567,-0.0463,-0.1007,-0.1164,-0.1168,-0.1367,-0.141,0.0918,0.1566,0.1565,-0.0171,-0.1657,-0.0642,0.3999,-0.0424,-0.006,0.1471,0.142,0.038,0.0933,0.0729,0.024,0.0972,-0.0274,0.1762,-0.1484,-0.1441,0.1119,-0.0932,-0.0631,-0.0737,-0.0558,0.0169,0.7005,0.3295,0.7911,0.624,0.7188,0.227,0.0081,-0.0455,0.2181,-0.1628,-0.133,-0.1489,-0.1865,-0.1359,-0.2039,-0.1449,-0.1845,-0.1749,-0.0273,-0.1281,-0.1019,-0.2205,-0.1814,0.5211,0.8254,1.0,-0.2429,0.9543,-0.2094,-0.134,-0.1126
f5_goals_prevented,0.006,-0.0008,-0.0005,0.0067,0.0052,0.0031,-0.0001,,,0.0141,0.0157,0.0104,0.0188,0.0204,0.0171,0.0123,0.0099,0.0126,0.0129,0.0262,-0.0054,-0.0234,-0.0021,-0.0024,-0.0025,-0.0024,-0.0028,0.0332,-0.0145,0.0078,0.001,-0.0037,0.0005,0.0198,0.0128,0.0109,0.0129,0.0125,0.0763,0.0306,0.0234,0.015,0.0249,0.0052,0.0165,-0.0024,-0.0032,0.0221,0.0123,-0.0012,-0.0014,-0.0012,-0.013,0.0395,0.1132,0.0473,0.0889,-0.0119,0.0038,0.0097,0.0069,0.0107,-0.0035,-0.0029,-0.0036,-0.0037,-0.0034,-0.0039,-0.0018,-0.0044,-0.005,0.0019,-0.0024,0.0002,-0.0028,-0.0035,0.0456,0.1723,-0.2429,1.0,0.025,-0.0052,0.0008,-0.0022
f5_xgot_faced,0.0029,-0.0409,0.0038,0.0044,-0.0055,-0.0036,-0.0032,,,-0.0035,-0.001,0.0004,-0.0023,0.1427,0.1712,0.1809,0.1853,0.1467,0.1524,0.2607,-0.0637,-0.0533,-0.1142,-0.1288,-0.1295,-0.1515,-0.1564,0.1031,0.1544,0.1601,-0.0239,-0.1905,-0.07,0.4244,-0.0532,-0.0011,0.1523,0.1468,0.0658,0.1054,0.0761,0.0216,0.1017,-0.0355,0.1848,-0.1636,-0.1614,0.1285,-0.0934,-0.0656,-0.0763,-0.0646,0.02,0.7511,0.3811,0.8495,0.7048,0.7405,0.2363,0.01,-0.0496,0.2272,-0.172,-0.1405,-0.158,-0.2014,-0.1488,-0.2109,-0.1519,-0.2045,-0.1828,-0.0262,-0.1323,-0.1077,-0.2378,-0.1884,0.5674,0.924,0.9543,0.025,1.0,-0.2258,-0.145,-0.1185
f5_fouls_committed,0.0049,-0.1849,-0.0203,-0.0069,0.0056,0.0151,-0.0064,,,-0.0007,0.0042,0.0025,0.0049,0.3622,0.414,0.4147,0.4392,0.235,0.2223,0.1934,-0.1707,-0.3085,0.2226,0.1987,0.2213,0.2089,0.2477,0.2143,0.1966,0.2011,0.2773,0.3483,0.1718,0.0977,0.3382,0.0804,0.2223,0.2351,0.2844,0.3023,0.2273,0.1908,0.221,0.2605,0.1824,0.2521,0.2486,0.1156,0.1712,0.0765,0.0647,0.1001,-0.2715,-0.2016,-0.1026,-0.233,-0.1965,-0.2128,0.4383,0.3026,0.3617,0.2391,0.2924,0.2636,0.2448,0.3316,0.2721,0.317,0.2626,0.4071,0.3257,0.1949,0.2004,0.318,0.5469,0.3401,0.1832,-0.2299,-0.2094,-0.0052,-0.2258,1.0,0.3989,0.1386
f5_was_fouled,0.0033,-0.1694,-0.0279,-0.012,0.0097,0.0174,-0.0132,,,0.0056,0.0063,0.0044,0.0077,0.3753,0.4322,0.434,0.4567,0.2595,0.249,0.2333,-0.1852,-0.3077,0.2198,0.2868,0.2225,0.3116,0.2884,0.2393,0.2041,0.2168,0.2644,0.3157,0.1114,0.1798,0.2517,0.076,0.2489,0.2595,0.3471,0.3674,0.2686,0.2689,0.2898,0.3207,0.2222,0.3416,0.2749,0.1574,0.257,0.1366,0.1553,0.1329,-0.201,-0.1266,-0.064,-0.1578,-0.1258,-0.1492,0.4497,0.3146,0.3535,0.2727,0.386,0.2658,0.3599,0.3939,0.3281,0.3973,0.3934,0.3826,0.2799,0.087,0.1235,0.1797,0.6585,0.3343,0.2893,-0.1428,-0.134,0.0008,-0.145,0.3989,1.0,0.2222
is_set_piece_taker,0.0005,-0.2532,-0.0234,-0.0098,-0.036,-0.0442,-0.1475,-0.1474,0.1474,-0.0027,-0.0007,-0.001,-0.0003,0.2227,0.2592,0.2899,0.2709,0.3597,0.3543,0.1908,0.0727,-0.1938,0.4225,0.4269,0.46,0.534,0.5472,0.3446,0.3185,0.3296,0.2885,0.3235,0.0865,0.2589,0.2742,0.0184,0.3543,0.3598,0.2581,0.3511,0.4026,0.3856,0.4156,0.5098,0.3322,0.5633,0.4845,0.1662,0.3749,0.5653,0.655,0.5572,-0.2458,-0.078,-0.0414,-0.0923,-0.0772,-0.0826,0.1343,0.0546,0.1129,0.0602,0.3548,0.2712,0.3461,0.3468,0.2857,0.2979,0.2224,0.0962,0.0238,-0.1227,-0.0578,-0.0271,0.1552,0.1817,0.0707,-0.1195,-0.1126,-0.0022,-0.1185,0.1386,0.2222,1.0
